Series Name,Series Code,Country Name,Country Code,1990,2000,2012,2013,2014,2015,2016,2017,2018,2019,2020,2021
Bank cost to income ratio (%),GFDD.EI.07,East Asia & Pacific (IDA total),DEA,..,..,..,..,..,..,..,..,..,..,..,..
Bank cost to income ratio (%),GFDD.EI.07,Europe & Central Asia (IDA total),DEC,..,..,..,..,..,..,..,..,..,..,..,..
Bank cost to income ratio (%),GFDD.EI.07,IBRD only,IBD,..,..,..,..,..,..,..,..,..,..,..,..
Bank cost to income ratio (%),GFDD.EI.07,IDA total,IDA,..,..,..,..,..,..,..,..,..,..,..,..
Bank cost to income ratio (%),GFDD.EI.07,Latin America & Caribbean (IDA total),DLA,..,..,..,..,..,..,..,..,..,..,..,..
Bank cost to income ratio (%),GFDD.EI.07,Least developed countries: UN classification,LDC,..,..,..,..,..,..,..,..,..,..,..,..
Bank cost to income ratio (%),GFDD.EI.07,Middle East & North Africa (IDA total),DMN,..,..,..,..,..,..,..,..,..,..,..,..
Bank cost to income ratio (%),GFDD.EI.07,Small island developing states: UN classification,SID,..,..,..,..,..,..,..,..,..,..,..,..
Bank cost to income ratio (%),GFDD.EI.07,South Asia (IDA total),DSA,..,..,..,..,..,..,..,..,..,..,..,..
Bank cost to income ratio (%),GFDD.EI.07,Sub-Saharan Africa (IDA total),DSS,..,..,..,..,..,..,..,..,..,..,..,..
Bank cost to income ratio (%),GFDD.EI.07,Afghanistan,AFG,..,..,85.90921,75.49723,75.86202,73.96669,53.75116,79.77605,68.50086,70.77246,76.37101,64.38843
Bank cost to income ratio (%),GFDD.EI.07,Albania,ALB,..,43.55364,54.39539,56.56705,54.95225,45.34583,49.14403,56.55297,48.76353,58.05717,50.04353,53.18945
Bank cost to income ratio (%),GFDD.EI.07,Algeria,DZA,..,46.6524,38.14533,36.40246,32.4089,37.8386,31.66537,34.64192,26.64992,28.58609,32.73517,..
Bank cost to income ratio (%),GFDD.EI.07,Andorra,AND,..,29.46428,..,..,..,57.45342,84.18076,72.48599,79.25723,73.43613,73.74954,..
Bank cost to income ratio (%),GFDD.EI.07,Angola,AGO,..,..,48.73029,55.21115,55.96743,52.52029,51.014,50.5887,44.85505,50.07529,55.04731,54.17353
Bank cost to income ratio (%),GFDD.EI.07,Antigua and Barbuda,ATG,..,..,..,..,..,..,..,..,..,..,..,..
Bank cost to income ratio (%),GFDD.EI.07,Argentina,ARG,..,67.00724,60.16752,58.57581,55.81038,50.22417,56.24915,59.38852,55.17848,50.30172,52.78344,54.14642
Bank cost to income ratio (%),GFDD.EI.07,Armenia,ARM,..,55.43439,56.943,55.42102,53.85079,55.65886,52.14769,51.19894,48.11314,46.98418,42.23645,47.56454
Bank cost to income ratio (%),GFDD.EI.07,Aruba,ABW,..,..,..,..,..,..,..,..,..,..,..,..
Bank cost to income ratio (%),GFDD.EI.07,Australia,AUS,..,62.93479,43.94972,42.67668,42.99313,42.5229,51.05852,44.2143,45.41514,50.81707,53.98421,54.07029
Bank cost to income ratio (%),GFDD.EI.07,Austria,AUT,..,58.53386,71.68584,69.79465,62.77227,62.81516,76.12304,67.3027,66.32044,75.03374,73.48064,69.06372
Bank cost to income ratio (%),GFDD.EI.07,Azerbaijan,AZE,..,55.55556,65.05763,65.20233,56.85311,59.98691,50.68229,37.12374,49.87765,50.85722,54.93303,59.50267
Bank cost to income ratio (%),GFDD.EI.07,"Bahamas, The",BHS,..,48.57876,32.44662,58.35442,58.74381,53.3802,49.49273,47.15667,46.98719,50.66434,51.00985,48.66309
Bank cost to income ratio (%),GFDD.EI.07,Bahrain,BHR,..,43.71241,36.42027,35.64816,33.77298,44.59491,43.66518,44.24525,44.91008,46.94667,54.01871,51.66708
Bank cost to income ratio (%),GFDD.EI.07,Bangladesh,BGD,..,35.72361,42.64715,47.89416,48.19941,46.63589,49.599,49.78088,50.27112,48.80352,51.02925,48.33612
Bank cost to income ratio (%),GFDD.EI.07,Barbados,BRB,..,..,..,..,19.54535,20.75891,19.92598,..,..,..,..,..
Bank cost to income ratio (%),GFDD.EI.07,Belarus,BLR,..,66.28363,60.37019,56.94124,57.96929,43.16804,50.20542,56.76962,61.10217,61.55848,64.40979,60.06468
Bank cost to income ratio (%),GFDD.EI.07,Belgium,BEL,..,66.05338,69.71429,57.90155,64.19933,58.69978,57.6793,58.79488,61.03957,55.03469,64.29411,62.42948
Bank cost to income ratio (%),GFDD.EI.07,Belize,BLZ,..,..,..,..,..,64.47908,58.15131,46.87166,57.98988,53.97584,65.33917,..
Bank cost to income ratio (%),GFDD.EI.07,Benin,BEN,..,69.82668,62.82423,59.72953,..,59.61822,64.98695,70.53664,72.03745,69.24982,..,..
Bank cost to income ratio (%),GFDD.EI.07,Bermuda,BMU,..,..,65.61259,63.09864,64.93625,66.38026,69.63791,62.50522,62.56688,63.98475,65.51086,69.14185
Bank cost to income ratio (%),GFDD.EI.07,Bhutan,BTN,..,..,..,32.26576,29.30469,32.32045,29.95713,36.03811,33.13412,35.12847,48.92258,54.16243
Bank cost to income ratio (%),GFDD.EI.07,Bolivia,BOL,..,65.49257,64.76814,67.9399,63.67665,71.0527,66.54698,66.02747,70.63685,67.35729,69.59842,70.995
Bank cost to income ratio (%),GFDD.EI.07,Bosnia and Herzegovina,BIH,..,66.06061,64.56165,67.29772,64.91787,82.61642,70.70359,72.77326,59.79502,61.6039,65.03252,62.80249
Bank cost to income ratio (%),GFDD.EI.07,Botswana,BWA,..,44.77124,46.88338,47.13403,53.11148,59.6473,57.37443,59.22567,60.58712,57.75759,60.13753,58.44814
Bank cost to income ratio (%),GFDD.EI.07,Brazil,BRA,..,74.01274,58.15495,62.64394,63.8774,68.557,62.87375,64.98171,65.04424,68.04405,61.43049,55.8288
Bank cost to income ratio (%),GFDD.EI.07,British Virgin Islands,VGB,..,..,..,..,..,..,..,..,..,..,..,..
Bank cost to income ratio (%),GFDD.EI.07,Brunei Darussalam,BRN,..,..,..,..,..,..,..,..,..,..,..,..
Bank cost to income ratio (%),GFDD.EI.07,Bulgaria,BGR,..,61.50442,53.25479,54.78288,48.04313,49.96555,49.00342,50.11793,48.98655,50.03709,56.40888,49.37222
Bank cost to income ratio (%),GFDD.EI.07,Burkina Faso,BFA,..,65.81314,56.92175,57.92487,52.28925,52.90938,56.07615,53.96365,56.79625,53.89084,43.24403,..
Bank cost to income ratio (%),GFDD.EI.07,Burundi,BDI,..,..,69.76116,64.06454,..,58.47295,54.03918,46.15714,44.79435,43.21344,45.5628,49.18098
Bank cost to income ratio (%),GFDD.EI.07,Cabo Verde,CPV,..,..,72.35967,75.26077,78.24339,73.64754,75.99999,67.50639,75.54284,58.78465,53.7564,51.66662
Bank cost to income ratio (%),GFDD.EI.07,Cambodia,KHM,..,..,47.9206,47.28611,46.96332,44.496,45.09488,44.26262,43.70399,43.01467,43.83192,41.96586
Bank cost to income ratio (%),GFDD.EI.07,Cameroon,CMR,..,38.23786,67.6208,68.94845,68.80143,63.41438,58.97689,55.6706,56.26796,55.55466,49.67011,..
Bank cost to income ratio (%),GFDD.EI.07,Canada,CAN,..,64.45959,59.34498,60.40701,60.63363,60.52641,59.87611,58.30355,56.8242,57.91645,56.63177,57.34952
Bank cost to income ratio (%),GFDD.EI.07,Cayman Islands,CYM,..,59.1512,75.01127,..,..,..,..,..,..,..,..,..
Bank cost to income ratio (%),GFDD.EI.07,Central African Republic,CAF,..,..,..,..,..,..,..,..,..,..,..,..
Bank cost to income ratio (%),GFDD.EI.07,Chad,TCD,..,..,54.50276,52.03517,..,..,65.94747,..,..,..,..,..
Bank cost to income ratio (%),GFDD.EI.07,Channel Islands,CHI,..,..,..,..,..,..,..,..,..,..,..,..
Bank cost to income ratio (%),GFDD.EI.07,Chile,CHL,..,57.97764,47.55072,44.67655,44.42387,50.48412,52.9543,51.86062,50.15273,48.06841,56.34565,45.20817
Bank cost to income ratio (%),GFDD.EI.07,China,CHN,..,67.90409,33.69381,33.52495,31.11538,36.86427,33.43143,32.12704,31.53452,30.79621,30.31818,31.75122
Bank cost to income ratio (%),GFDD.EI.07,Colombia,COL,..,95.39877,57.35996,..,..,53.19797,49.028,48.01622,48.93195,48.61404,52.44291,67.84281
Bank cost to income ratio (%),GFDD.EI.07,Comoros,COM,..,..,..,..,..,..,..,..,..,..,..,..
Bank cost to income ratio (%),GFDD.EI.07,"Congo, Dem. Rep.",COD,..,78.1841,80.90523,78.29861,74.45518,81.09003,86.66558,91.17693,81.22704,80.66982,81.89899,..
Bank cost to income ratio (%),GFDD.EI.07,"Congo, Rep.",COG,..,..,..,..,..,..,..,..,..,..,..,..
Bank cost to income ratio (%),GFDD.EI.07,Costa Rica,CRI,..,75.41113,64.28734,69.50819,64.02665,68.26223,66.4386,66.89681,64.35081,67.37704,66.66335,62.41118
Bank cost to income ratio (%),GFDD.EI.07,Cote d'Ivoire,CIV,..,63.16969,70.71442,77.67651,66.59901,63.79219,61.15087,60.22924,59.23001,58.09843,53.81778,52.86265
Bank cost to income ratio (%),GFDD.EI.07,Croatia,HRV,..,54.79261,53.42706,56.18494,54.89266,76.54671,48.6657,53.53416,51.13399,54.59014,58.01945,51.7748
Bank cost to income ratio (%),GFDD.EI.07,Cuba,CUB,..,41.50666,..,..,..,12.26956,12.17757,11.5185,10.09603,10.92682,26.01783,..
Bank cost to income ratio (%),GFDD.EI.07,Curaçao,CUW,..,..,61.81911,63.20444,59.53566,67.12167,68.23532,75.73763,72.37333,69.45855,68.63071,74.74618
Bank cost to income ratio (%),GFDD.EI.07,Cyprus,CYP,..,63.31602,48.72837,47.64324,56.88449,61.11262,62.86539,70.45883,78.26926,83.87483,84.15097,89.21792
Bank cost to income ratio (%),GFDD.EI.07,Czech Republic,CZE,..,76.37223,42.91319,43.31784,44.14501,44.91226,43.74257,44.66142,44.36821,44.48566,49.80188,50.49136
Bank cost to income ratio (%),GFDD.EI.07,Denmark,DNK,..,67.37174,60.78229,58.85997,67.74596,59.10827,48.97215,49.21574,59.34507,65.19219,67.27003,60.17405
Bank cost to income ratio (%),GFDD.EI.07,Djibouti,DJI,..,..,51.68225,55.93551,51.10577,63.14895,..,58.68632,60.01155,64.17349,..,..
Bank cost to income ratio (%),GFDD.EI.07,Dominica,DMA,..,..,..,..,..,..,..,..,..,..,..,..
Bank cost to income ratio (%),GFDD.EI.07,Dominican Republic,DOM,..,66.16207,72.05141,70.6978,72.10669,69.11626,68.05859,70.23981,69.779,71.18035,66.77017,63.39925
Bank cost to income ratio (%),GFDD.EI.07,Ecuador,ECU,..,94.2085,63.66158,69.07895,68.44122,66.89787,71.05756,66.17368,62.72274,64.08066,67.58019,67.87329
Bank cost to income ratio (%),GFDD.EI.07,"Egypt, Arab Rep.",EGY,..,49.5899,44.23502,42.83494,38.54313,35.14433,28.69428,30.02051,33.60358,35.46595,35.95836,35.34328
Bank cost to income ratio (%),GFDD.EI.07,El Salvador,SLV,..,65.46391,49.82036,49.39454,51.60805,61.42844,62.37298,62.89841,62.2619,61.41706,63.37476,64.20195
Bank cost to income ratio (%),GFDD.EI.07,Equatorial Guinea,GNQ,..,..,..,..,..,..,..,..,..,..,..,..
Bank cost to income ratio (%),GFDD.EI.07,Eritrea,ERI,..,..,..,..,..,..,..,..,..,..,..,..
Bank cost to income ratio (%),GFDD.EI.07,Estonia,EST,..,67.80801,44.78432,35.80997,38.56614,25.93774,47.96105,48.79417,53.85104,62.90237,62.90349,60.97049
Bank cost to income ratio (%),GFDD.EI.07,Eswatini,SWZ,..,79.64625,57.29461,59.27763,56.31021,55.50345,57.85231,62.60168,59.75098,57.61742,..,..
Bank cost to income ratio (%),GFDD.EI.07,Ethiopia,ETH,..,51.37852,36.39233,29.67524,35.17469,34.77215,38.34343,45.37183,51.93616,47.38838,58.31348,55.42247
Bank cost to income ratio (%),GFDD.EI.07,Faroe Islands,FRO,..,..,..,..,..,..,..,..,..,..,..,..
Bank cost to income ratio (%),GFDD.EI.07,Fiji,FJI,..,..,..,..,..,52.54016,52.6761,54.53153,52.73127,48.46125,52.14519,58.30348
Bank cost to income ratio (%),GFDD.EI.07,Finland,FIN,..,50,46.95803,53.96587,52.39955,47.14441,50.82773,50.90673,47.94516,70.0713,56.92961,52.24579
Bank cost to income ratio (%),GFDD.EI.07,France,FRA,..,70.88277,65.27306,67.54424,78.01998,67.90576,61.95033,69.26206,73.81634,64.18906,77.05408,68.89777
Bank cost to income ratio (%),GFDD.EI.07,French Polynesia,PYF,..,..,..,..,..,..,..,..,..,..,..,..
Bank cost to income ratio (%),GFDD.EI.07,Gabon,GAB,..,..,57.64051,49.6902,60.57178,63.61677,56.90005,61.55569,56.91817,57.55751,..,..
Bank cost to income ratio (%),GFDD.EI.07,"Gambia, The",GMB,..,..,..,..,..,..,..,65.36457,69.54699,66.07244,64.45018,..
Bank cost to income ratio (%),GFDD.EI.07,Georgia,GEO,..,56.61017,62.13424,54.07561,50.6037,43.84441,45.20891,43.68233,40.8003,42.49666,43.28255,38.32879
Bank cost to income ratio (%),GFDD.EI.07,Germany,DEU,..,76.80985,73.10672,79.74393,79.56317,83.81364,84.02227,88.62919,91.6739,97.17094,87.47895,88.62192
Bank cost to income ratio (%),GFDD.EI.07,Ghana,GHA,..,..,52.92788,47.78362,47.62282,50.88151,52.55402,52.20442,52.68296,51.00008,48.05428,45.44666
Bank cost to income ratio (%),GFDD.EI.07,Gibraltar,GIB,..,..,..,..,..,..,..,..,..,..,..,..
Bank cost to income ratio (%),GFDD.EI.07,Greece,GRC,..,..,57.1379,74.10339,63.54245,60.95477,49.64203,54.42789,62.00439,55.30737,43.91217,54.13991
Bank cost to income ratio (%),GFDD.EI.07,Greenland,GRL,..,..,..,..,..,..,..,..,..,..,..,..
Bank cost to income ratio (%),GFDD.EI.07,Grenada,GRD,..,..,..,..,..,..,..,..,..,..,..,..
Bank cost to income ratio (%),GFDD.EI.07,Guam,GUM,..,..,..,..,..,..,..,..,..,..,..,..
Bank cost to income ratio (%),GFDD.EI.07,Guatemala,GTM,..,84.22927,62.85929,62.09391,61.47079,59.39894,60.15471,59.86082,58.97538,55.96078,52.27627,54.99342
Bank cost to income ratio (%),GFDD.EI.07,Guinea,GIN,..,..,80.47456,65.03316,..,64.98254,59.29525,63.67334,54.48982,51.93344,55.49602,..
Bank cost to income ratio (%),GFDD.EI.07,Guinea-Bissau,GNB,..,..,..,..,..,..,..,..,..,..,..,..
Bank cost to income ratio (%),GFDD.EI.07,Guyana,GUY,..,65.63429,45.09913,42.89807,43.41406,40.97275,44.81853,46.82761,48.83246,47.47573,49.48366,46.07069
Bank cost to income ratio (%),GFDD.EI.07,Haiti,HTI,..,..,71.52032,68.63046,67.43862,60.60493,52.65997,46.02456,66.55892,63.60771,70.0374,55.41357
Bank cost to income ratio (%),GFDD.EI.07,Honduras,HND,..,48.54424,66.05145,66.83739,66.04077,70.50159,66.27522,62.92972,63.33582,63.57626,66.7751,63.84793
Bank cost to income ratio (%),GFDD.EI.07,"Hong Kong SAR, China",HKG,..,61.13927,70.19505,69.46464,70.34007,39.68509,40.34141,40.38702,39.9056,40.24804,44.84435,50.55963
Bank cost to income ratio (%),GFDD.EI.07,Hungary,HUN,..,69.93597,78.85062,77.75349,71.95315,75.15308,66.81904,57.52007,63.07199,62.38654,69.12386,63.86346
Bank cost to income ratio (%),GFDD.EI.07,Iceland,ISL,..,76.90157,39.81566,..,55.08544,5.032482,53.51679,58.78175,60.91218,57.20459,51.46083,46.4952
Bank cost to income ratio (%),GFDD.EI.07,India,IND,..,59.46691,44.24527,45.80423,47.3774,47.23968,45.48896,47.65971,49.11304,46.03014,45.35885,47.81551
Bank cost to income ratio (%),GFDD.EI.07,Indonesia,IDN,..,59.76155,48.38268,47.09159,47.97532,47.96688,46.65919,47.00411,46.62877,46.58748,47.77774,47.21756
Bank cost to income ratio (%),GFDD.EI.07,"Iran, Islamic Rep.",IRN,..,..,..,..,..,..,..,..,..,..,..,..
Bank cost to income ratio (%),GFDD.EI.07,Iraq,IRQ,..,..,29.76679,32.39917,41.54796,24.77364,23.47932,26.14687,32.76075,17.97698,9.861906,92.40756
Bank cost to income ratio (%),GFDD.EI.07,Ireland,IRL,..,14.7541,..,..,..,38.94374,52.93695,52.30259,52.35569,49.56351,..,..
Bank cost to income ratio (%),GFDD.EI.07,Isle of Man,IMN,..,..,..,..,..,..,..,..,..,..,..,..
Bank cost to income ratio (%),GFDD.EI.07,Israel,ISR,..,68.43626,68.57507,69.48417,72.49072,65.43394,67.07117,65.54425,64.27173,60.80577,57.77971,53.8779
Bank cost to income ratio (%),GFDD.EI.07,Italy,ITA,..,61.52906,67.8876,81.76258,65.64462,71.57465,79.52383,59.95825,67.53194,69.78554,80.19948,59.04476
Bank cost to income ratio (%),GFDD.EI.07,Jamaica,JAM,..,..,70.21402,75.39099,67.29679,71.26264,68.6571,69.17896,68.09328,67.6457,68.44395,67.27142
Bank cost to income ratio (%),GFDD.EI.07,Japan,JPN,..,61.75456,61.47484,60.47351,61.70309,59.42115,63.59904,64.73655,66.23041,65.09807,65.3117,60.57468
Bank cost to income ratio (%),GFDD.EI.07,Jordan,JOR,..,54.44235,42.7379,44.03226,55.78387,57.43716,52.42333,46.90515,48.22119,47.49821,50.57423,49.54811
Bank cost to income ratio (%),GFDD.EI.07,Kazakhstan,KAZ,..,59.62965,51.56654,43.26982,44.88598,36.66365,48.02248,34.73603,35.02988,28.13632,28.10134,29.9375
Bank cost to income ratio (%),GFDD.EI.07,Kenya,KEN,..,63.47984,51.38866,49.14293,49.79905,49.7412,47.97709,47.27197,46.8247,48.87175,47.48052,42.18051
Bank cost to income ratio (%),GFDD.EI.07,Kiribati,KIR,..,..,..,..,..,..,..,..,..,..,..,..
Bank cost to income ratio (%),GFDD.EI.07,"Korea, Dem. Rep.",PRK,..,..,..,..,..,..,..,..,..,..,..,..
Bank cost to income ratio (%),GFDD.EI.07,"Korea, Rep.",KOR,..,44.73806,52.81144,58.17392,60.42955,73.85777,71.37176,64.71848,64.36111,61.96672,62.85096,63.73619
Bank cost to income ratio (%),GFDD.EI.07,Kosovo,XKX,..,..,..,..,..,..,..,..,..,..,..,..
Bank cost to income ratio (%),GFDD.EI.07,Kuwait,KWT,..,31.41994,31.26437,32.00431,31.57895,35.04898,37.12468,35.13013,34.15456,35.91912,39.09236,40.8289
Bank cost to income ratio (%),GFDD.EI.07,Kyrgyz Republic,KGZ,..,..,60.96494,63.75142,57.43611,67.00947,77.26326,76.23026,76.34722,72.9452,66.89262,67.77655
Bank cost to income ratio (%),GFDD.EI.07,Lao PDR,LAO,..,..,69.05283,57.60028,66.15778,52.41098,52.05774,49.49446,46.36174,47.62519,49.56552,74.67673
Bank cost to income ratio (%),GFDD.EI.07,Latvia,LVA,..,69.01066,49.81132,48.57793,48.70641,45.87095,43.8886,59.44423,61.13391,67.09081,80.01334,59.98997
Bank cost to income ratio (%),GFDD.EI.07,Lebanon,LBN,..,54.41302,53.1501,52.4873,52.586,49.95911,43.95026,49.21136,49.21886,52.4954,38.93852,..
Bank cost to income ratio (%),GFDD.EI.07,Lesotho,LSO,..,50.87719,55.81835,51.94133,51.12903,53.62169,54.5742,61.47642,60.83705,58.86115,65.32584,77.62871
Bank cost to income ratio (%),GFDD.EI.07,Liberia,LBR,..,..,..,..,..,101.6932,79.85026,74.31378,68.15492,73.16127,74.5118,55.8589
Bank cost to income ratio (%),GFDD.EI.07,Libya,LBY,..,..,48.09206,39.74174,86.98299,65.0774,62.45269,63.6963,51.07785,61.576,28.91199,..
Bank cost to income ratio (%),GFDD.EI.07,Liechtenstein,LIE,..,..,..,..,..,..,..,..,..,..,..,..
Bank cost to income ratio (%),GFDD.EI.07,Lithuania,LTU,..,78.28014,58.38864,53.15128,53.52713,51.61684,46.43546,48.4408,46.94193,41.47178,43.66683,46.61365
Bank cost to income ratio (%),GFDD.EI.07,Luxembourg,LUX,..,44.73966,52.41156,54.08612,51.80172,56.77106,54.31609,61.56195,65.71241,61.94078,63.71431,64.49622
Bank cost to income ratio (%),GFDD.EI.07,"Macao SAR, China",MAC,..,44.4668,50.4858,41.09513,38.20621,32.37824,30.02259,30.09282,30.7136,28.25705,28.18288,29.6504
Bank cost to income ratio (%),GFDD.EI.07,Madagascar,MDG,..,52.57278,64.55578,61.66614,56.41025,51.70395,53.49884,50.73354,50.15565,49.59255,52.47746,..
Bank cost to income ratio (%),GFDD.EI.07,Malawi,MWI,..,43.50616,46.51811,43.97132,47.37125,56.82316,58.17339,60.4986,63.68779,58.90469,56.54998,51.99735
Bank cost to income ratio (%),GFDD.EI.07,Malaysia,MYS,..,38.74755,37.85443,37.41228,39.14193,46.10257,43.11071,42.56729,42.70859,42.88242,46.89035,43.42987
Bank cost to income ratio (%),GFDD.EI.07,Maldives,MDV,..,..,..,..,..,..,25.9999,27.43938,26.33056,26.19802,27.57257,..
Bank cost to income ratio (%),GFDD.EI.07,Mali,MLI,..,67.61108,67.43446,68.4597,67.362,63.24656,64.00502,65.6302,72.43898,67.91374,58.35493,..
Bank cost to income ratio (%),GFDD.EI.07,Malta,MLT,..,47.57632,40.14137,45.3947,47.86954,53.0664,46.02362,56.1605,55.70074,61.71211,68.88193,76.12078
Bank cost to income ratio (%),GFDD.EI.07,Marshall Islands,MHL,..,..,..,..,..,..,..,..,..,..,..,..
Bank cost to income ratio (%),GFDD.EI.07,Mauritania,MRT,..,44.48443,67.18349,63.79024,60.01804,57.55634,63.36283,80.6767,78.46612,68.38277,50.1546,..
Bank cost to income ratio (%),GFDD.EI.07,Mauritius,MUS,..,..,37.20928,54.24166,52.21296,55.61066,51.89634,44.93136,40.48692,46.7825,54.50181,41.92232
Bank cost to income ratio (%),GFDD.EI.07,Mexico,MEX,..,69.37331,64.15266,66.19836,63.21152,54.90108,55.52037,51.98586,52.40375,52.84061,53.86494,54.41279
Bank cost to income ratio (%),GFDD.EI.07,"Micronesia, Fed. Sts.",FSM,..,..,..,..,..,..,..,..,..,..,..,..
Bank cost to income ratio (%),GFDD.EI.07,Moldova,MDA,..,45.03817,59.69696,62.41853,55.82072,44.29008,46.71431,54.26945,64.18113,57.72193,60.73557,57.55985
Bank cost to income ratio (%),GFDD.EI.07,Monaco,MCO,..,72.4138,..,..,..,..,..,..,..,..,..,..
Bank cost to income ratio (%),GFDD.EI.07,Mongolia,MNG,..,57.75176,48.54473,46.55097,..,53.40739,52.70956,47.07129,45.7293,49.36294,54.23158,46.42908
Bank cost to income ratio (%),GFDD.EI.07,Montenegro,MNE,..,..,71.31147,70.75953,74.29715,71.66542,71.1283,69.0176,65.8412,71.54071,67.67985,79.32852
Bank cost to income ratio (%),GFDD.EI.07,Morocco,MAR,..,60.11047,50.74551,49.40123,47.51799,45.12942,43.10886,47.98832,47.98868,48.06045,47.35988,47.0986
Bank cost to income ratio (%),GFDD.EI.07,Mozambique,MOZ,..,99.33629,65.34582,63.7139,61.04764,63.01212,56.71228,56.7404,59.50468,60.20659,63.51205,54.88834
Bank cost to income ratio (%),GFDD.EI.07,Myanmar,MMR,..,..,52.02087,52.5159,48.74835,78.44062,66.17699,80.8325,64.69924,66.90596,36.01706,52.81127
Bank cost to income ratio (%),GFDD.EI.07,Namibia,NAM,..,..,53.32138,53.10778,54.60821,49.12546,49.33204,48.14451,53.70533,52.23909,49.87709,53.63024
Bank cost to income ratio (%),GFDD.EI.07,Nauru,NRU,..,..,..,..,..,..,..,..,..,..,..,..
Bank cost to income ratio (%),GFDD.EI.07,Nepal,NPL,..,35.59047,50.50289,45.30953,47.22304,47.39349,43.04682,40.24383,40.81807,41.0126,43.9048,44.46397
Bank cost to income ratio (%),GFDD.EI.07,Netherlands,NLD,..,52.04082,65.51872,67.9784,66.5845,59.97731,61.20184,54.17785,57.48624,54.2151,62.32028,61.15197
Bank cost to income ratio (%),GFDD.EI.07,New Caledonia,NCL,..,..,..,..,..,..,..,..,..,..,..,..
Bank cost to income ratio (%),GFDD.EI.07,New Zealand,NZL,..,..,47.38524,43.55503,42.63874,39.32122,41.40668,40.59649,39.16088,40.9011,46.19415,42.57052
Bank cost to income ratio (%),GFDD.EI.07,Nicaragua,NIC,..,63.71681,54.08842,53.4437,52.46589,52.54226,51.20291,51.42736,49.35149,49.08278,55.32464,57.65274
Bank cost to income ratio (%),GFDD.EI.07,Niger,NER,..,..,48.33685,44.10461,41.2125,51.32108,58.38731,62.43211,65.172,65.6581,..,..
Bank cost to income ratio (%),GFDD.EI.07,Nigeria,NGA,..,58.22858,61.36962,63.76931,62.08735,59.54843,51.14803,51.90541,59.39012,60.96111,61.26569,65.03506
Bank cost to income ratio (%),GFDD.EI.07,North Macedonia,MKD,..,57.23443,63.84493,58.70507,55.61159,51.0209,47.65509,46.39914,45.56144,48.59339,46.46188,48.54724
Bank cost to income ratio (%),GFDD.EI.07,Norway,NOR,..,60.84929,44.66559,43.33658,42.75665,39.95761,39.52474,42.58567,43.19855,36.87823,37.98814,42.08857
Bank cost to income ratio (%),GFDD.EI.07,Oman,OMN,..,47.95322,52.39437,55.58442,52.70589,45.24055,45.75225,47.04336,45.73329,46.10904,48.50684,48.57221
Bank cost to income ratio (%),GFDD.EI.07,Pakistan,PAK,..,60.63441,52.00542,55.81821,52.13189,46.00982,51.69136,56.05387,58.70341,56.96204,49.04466,51.55089
Bank cost to income ratio (%),GFDD.EI.07,Palau,PLW,..,..,..,..,..,..,..,..,..,..,..,..
Bank cost to income ratio (%),GFDD.EI.07,Panama,PAN,..,50.73825,50.17527,57.70709,55.8283,54.90521,54.18227,52.6666,52.11689,52.12624,52.73635,53.64866
Bank cost to income ratio (%),GFDD.EI.07,Papua New Guinea,PNG,..,..,37.58714,..,..,..,..,..,..,..,..,..
Bank cost to income ratio (%),GFDD.EI.07,Paraguay,PRY,..,100.643,64.16368,54.6252,53.1086,61.55632,56.59247,54.42566,52.14797,50.77717,53.12009,55.88763
Bank cost to income ratio (%),GFDD.EI.07,Peru,PER,..,66.88773,47.41834,46.40779,44.4261,45.74909,44.82463,46.25359,45.52094,44.37099,46.72885,49.1672
Bank cost to income ratio (%),GFDD.EI.07,Philippines,PHL,..,..,58.90714,55.72248,60.29829,59.63112,57.28712,57.40017,59.41967,54.28983,48.67928,51.93878
Bank cost to income ratio (%),GFDD.EI.07,Poland,POL,..,63.85542,52.3775,53.95393,51.60363,57.50844,52.74297,54.32699,53.14764,55.6595,71.23685,55.97986
Bank cost to income ratio (%),GFDD.EI.07,Portugal,PRT,..,69.6095,59.48038,89.72549,72.05037,60.05314,63.79849,56.22485,67.26073,59.62222,54.08128,57.88022
Bank cost to income ratio (%),GFDD.EI.07,Puerto Rico,PRI,..,..,..,..,..,..,..,..,..,..,..,..
Bank cost to income ratio (%),GFDD.EI.07,Qatar,QAT,..,36.15323,23.97875,27.32296,26.79114,27.81832,33.76116,31.4062,28.04465,27.14575,25.61493,24.16685
Bank cost to income ratio (%),GFDD.EI.07,Romania,ROU,..,57.76957,60.69417,58.11111,59.43898,66.6173,60.18108,62.45396,57.07321,65.52975,53.99604,54.3905
Bank cost to income ratio (%),GFDD.EI.07,Russian Federation,RUS,..,59.36146,89.56287,88.67815,91.00304,53.87557,56.79016,56.6183,48.23863,47.74981,46.09423,58.99556
Bank cost to income ratio (%),GFDD.EI.07,Rwanda,RWA,..,..,68.2947,81.82916,74.01498,64.17924,61.83108,60.45543,58.40851,50.6745,43.23888,42.96809
Bank cost to income ratio (%),GFDD.EI.07,Samoa,WSM,..,..,..,..,..,..,..,..,..,..,..,..
Bank cost to income ratio (%),GFDD.EI.07,San Marino,SMR,..,..,128.1232,99.91691,..,91.39154,89.58227,86.96079,..,85.4632,..,..
Bank cost to income ratio (%),GFDD.EI.07,Săo Tomé and Principe,STP,..,..,..,..,..,..,..,..,..,..,..,..
Bank cost to income ratio (%),GFDD.EI.07,Saudi Arabia,SAU,..,43.94722,35.18003,35.46499,35.05558,35.39917,36.52965,35.09505,34.30968,34.26914,35.48058,38.0277
Bank cost to income ratio (%),GFDD.EI.07,Senegal,SEN,..,54.58803,69.45168,65.36079,73.37384,66.87713,64.82432,63.28812,64.59795,62.71008,63.43047,..
Bank cost to income ratio (%),GFDD.EI.07,Serbia,SRB,..,51.97068,94.31738,75.17574,73.75854,61.91962,64.86915,57.4721,56.08755,58.94633,60.0802,63.58747
Bank cost to income ratio (%),GFDD.EI.07,Seychelles,SYC,..,..,35.94132,44.02174,..,38.52817,39.13279,47.22232,48.85732,50.90914,53.22291,..
Bank cost to income ratio (%),GFDD.EI.07,Sierra Leone,SLE,..,30.53946,68.13446,75.85411,63.94112,62.60864,66.72161,55.06866,57.42976,56.10385,..,..
Bank cost to income ratio (%),GFDD.EI.07,Singapore,SGP,..,35.49263,36.83493,38.60162,40.6763,41.23146,41.83702,41.70092,40.38336,40.51462,42.1364,45.3632
Bank cost to income ratio (%),GFDD.EI.07,Sint Maarten (Dutch part),SXM,..,..,..,..,..,..,..,..,..,..,..,..
Bank cost to income ratio (%),GFDD.EI.07,Slovak Republic,SVK,..,77.0715,62.89946,54.65197,54.65506,52.9862,51.17703,57.99662,57.88223,60.07395,59.49151,56.4503
Bank cost to income ratio (%),GFDD.EI.07,Slovenia,SVN,..,53.05296,51.86567,58.31643,54.47316,56.56911,61.19497,66.83776,60.27818,58.56115,55.37892,57.61204
Bank cost to income ratio (%),GFDD.EI.07,Solomon Islands,SLB,..,..,..,..,..,..,..,..,..,..,..,..
Bank cost to income ratio (%),GFDD.EI.07,Somalia,SOM,..,..,..,..,..,..,..,..,..,..,..,..
Bank cost to income ratio (%),GFDD.EI.07,South Africa,ZAF,..,51.58569,55.04587,55.84389,56.76745,59.39613,58.77274,60.25425,61.85694,61.37758,63.06261,61.01405
Bank cost to income ratio (%),GFDD.EI.07,South Sudan,SSD,..,..,54.44016,58.16656,..,..,..,101.7172,119.7754,76.23089,..,..
Bank cost to income ratio (%),GFDD.EI.07,Spain,ESP,..,63.96966,59.13051,61.97268,57.17318,58.54612,67.19949,67.74303,61.07174,64.0547,63.63061,72.83111
Bank cost to income ratio (%),GFDD.EI.07,Sri Lanka,LKA,..,..,48.47895,45.94944,47.02704,54.94296,55.09796,52.89921,51.07667,54.75076,48.27021,43.48735
Bank cost to income ratio (%),GFDD.EI.07,St. Kitts and Nevis,KNA,..,..,..,..,..,..,..,..,54.2623,..,..,..
Bank cost to income ratio (%),GFDD.EI.07,St. Lucia,LCA,..,..,70.15504,68.95306,..,..,..,59.89265,55.83875,..,..,..
Bank cost to income ratio (%),GFDD.EI.07,St. Vincent and the Grenadines,VCT,..,..,..,..,..,..,..,..,..,..,..,..
Bank cost to income ratio (%),GFDD.EI.07,Sudan,SDN,..,78.33333,91.29781,..,..,..,..,..,..,..,..,..
Bank cost to income ratio (%),GFDD.EI.07,Suriname,SUR,..,..,55.24794,57.55548,53.47334,59.58924,64.39281,61.56984,70.06349,66.08251,..,..
Bank cost to income ratio (%),GFDD.EI.07,Sweden,SWE,..,68.19161,55.37805,52.61324,53.31623,49.20509,48.67302,51.07096,52.64874,50.9167,53.64299,48.62028
Bank cost to income ratio (%),GFDD.EI.07,Switzerland,CHE,..,62.50117,100.0589,80.86156,80.93427,92.34447,91.88842,82.06979,80.99901,118.1902,75.8408,94.50365
Bank cost to income ratio (%),GFDD.EI.07,Syrian Arab Republic,SYR,..,..,40.4709,25.88561,24.70062,22.23687,23.72826,201.5253,74.65992,57.59961,7.655016,10.52404
Bank cost to income ratio (%),GFDD.EI.07,"Taiwan, China",TWN,..,41.37931,55.66632,53.41452,50.35873,61.27036,60.65752,62.15359,59.52245,59.80584,61.99476,61.70835
Bank cost to income ratio (%),GFDD.EI.07,Tajikistan,TJK,..,..,81.1228,41.10746,..,29.82179,54.94514,36.43656,36.0556,36.41428,53.09387,43.11325
Bank cost to income ratio (%),GFDD.EI.07,Tanzania,TZA,..,..,63.96503,63.47192,63.83636,64.42577,64.8306,66.54134,67.75414,67.50677,62.2519,54.80177
Bank cost to income ratio (%),GFDD.EI.07,Thailand,THA,..,78.04878,46.67453,42.50073,44.04488,44.03352,43.76079,44.06724,45.27507,45.62926,46.2838,44.61771
Bank cost to income ratio (%),GFDD.EI.07,Timor-Leste,TLS,..,..,..,..,..,..,..,..,..,..,..,..
Bank cost to income ratio (%),GFDD.EI.07,Togo,TGO,..,..,61.74128,68.47501,82.11422,70.74356,68.62907,69.38692,73.93654,68.62978,..,..
Bank cost to income ratio (%),GFDD.EI.07,Tonga,TON,..,..,..,..,..,..,..,..,..,..,..,..
Bank cost to income ratio (%),GFDD.EI.07,Trinidad and Tobago,TTO,..,58.07421,54.58788,81.22521,..,45.11286,65.29194,57.23835,..,60.53192,73.33202,60.35946
Bank cost to income ratio (%),GFDD.EI.07,Tunisia,TUN,..,54.1855,52.62492,49.44106,50.26426,51.11456,47.60377,47.39261,46.1991,43.84999,44.35859,46.93028
Bank cost to income ratio (%),GFDD.EI.07,Turkey,TUR,..,56.58685,42.29862,46.46896,47.74824,50.76422,43.75457,43.58262,39.06384,40.0575,40.70805,39.46014
Bank cost to income ratio (%),GFDD.EI.07,Turkmenistan,TKM,..,..,..,..,..,21.0591,22.08195,20.69044,17.8472,21.98722,..,..
Bank cost to income ratio (%),GFDD.EI.07,Turks and Caicos Islands,TCA,..,..,..,..,..,..,..,..,..,..,..,..
Bank cost to income ratio (%),GFDD.EI.07,Tuvalu,TUV,..,..,..,..,..,..,..,..,..,..,..,..
Bank cost to income ratio (%),GFDD.EI.07,Uganda,UGA,..,48.03748,49.74722,56.12995,57.58946,64.3294,58.96709,57.90394,62.67858,57.64246,60.58733,55.01469
Bank cost to income ratio (%),GFDD.EI.07,Ukraine,UKR,..,67.94872,65.85218,65.61893,60.92124,57.71436,48.76304,59.36192,49.91808,47.06036,49.71031,56.02619
Bank cost to income ratio (%),GFDD.EI.07,United Arab Emirates,ARE,..,36.67875,32.91283,32.32543,31.39923,35.51556,34.94885,36.1113,36.20147,34.72821,39.24774,39.04157
Bank cost to income ratio (%),GFDD.EI.07,United Kingdom,GBR,..,47.57113,74.27893,64.92791,71.34818,69.09164,65.96965,63.59318,61.02333,63.36377,64.60938,63.91926
Bank cost to income ratio (%),GFDD.EI.07,United States,USA,..,60.50104,60.98243,59.96593,61.11576,61.03851,58.14493,58.85639,57.1415,57.1591,61.67743,62.73496
Bank cost to income ratio (%),GFDD.EI.07,Uruguay,URY,..,72.47754,71.6324,68.19797,75.70747,92.85439,98.11896,66.46239,61.75238,49.54462,48.76175,55.14557
Bank cost to income ratio (%),GFDD.EI.07,Uzbekistan,UZB,..,60.16955,59.86292,62.62979,64.00942,65.51035,64.82988,50.43106,69.39092,45.37146,42.36101,42.27115
Bank cost to income ratio (%),GFDD.EI.07,Vanuatu,VUT,..,..,..,..,..,..,..,..,..,..,..,..
Bank cost to income ratio (%),GFDD.EI.07,"Venezuela, RB",VEN,..,73.99538,52.97882,53.82667,51.33198,..,..,..,52.30116,77.51966,64.7231,77.95326
Bank cost to income ratio (%),GFDD.EI.07,Vietnam,VNM,..,42.71482,51.16591,54.41269,51.26324,52.1528,51.71029,48.25297,46.50291,43.56644,42.38463,34.74393
Bank cost to income ratio (%),GFDD.EI.07,Virgin Islands (U.S.),VIR,..,..,..,..,..,..,..,..,..,..,..,..
Bank cost to income ratio (%),GFDD.EI.07,West Bank and Gaza,PSE,..,..,..,56.95409,59.41606,61.19715,..,..,..,..,..,..
Bank cost to income ratio (%),GFDD.EI.07,"Yemen, Rep.",YEM,..,47.47208,61.7357,72.54613,..,38.52984,34.88165,74.0691,61.77133,48.12759,..,..
Bank cost to income ratio (%),GFDD.EI.07,Zambia,ZMB,..,66.07285,63.93421,62.21162,60.27587,64.53497,65.47514,62.45521,64.54994,63.58596,63.90178,57.16027
Bank cost to income ratio (%),GFDD.EI.07,Zimbabwe,ZWE,..,..,66.58695,72.36397,76.22857,69.90312,66.23127,61.31274,64.925,50.47665,52.96397,49.74044
,,,,,,,,,,,,,,,
,,,,,,,,,,,,,,,
,,,,,,,,,,,,,,,
Data from database: Global Financial Development,,,,,,,,,,,,,,,
Last Updated: 09/23/2022,,,,,,,,,,,,,,,
